ECK_number,gene,JW_id,W3110_direction,W3110_left_nt,W3110_right_nt,W3110_deletion_left_nt,W3110_deletion_right_nt,b_number,MG1655_direction,MG1655_left_nt,MG1655_right_nt,MG1655_deletion_left_nt,MG1655_deletion_right_nt,verified,colonies_tested,percent,LB_22hr,MOPS_24hr,MOPS_48hr,genetic,PEC,MG_Tn5,score,ortholog,BS_id,BS_gene,BS_essential,comment,ENTREZ_GENE_ID
ECK0026,ribF,JW0023,+,21407,22348,21410,22327,b0025,+,21407,22348,21410,22327,0,8,0.0 ,0.0,N.A.,N.A.,E,N,u,1.0,Ec,BSU16670,ribC,,,949129.0
ECK0028,lspA,JW0025,+,25207,25701,25210,25680,b0027,+,25207,25701,25210,25680,0,8,0.0 ,0.0,N.A.,N.A.,E,E,u,3.0,P,BSU15450,lspA,,,944800.0
ECK0030,ispH,JW0027,+,26277,27227,26280,27206,b0029,+,26277,27227,26280,27206,0,8,0.0 ,0.0,N.A.,N.A.,E,E,u,3.0,Ec,BSU25160,yqfP,BSU25160,,944777.0
ECK0032,dapB,JW0029,+,28374,29195,28377,29174,b0031,+,28374,29195,28377,29174,0,8,0.0 ,0.0,N.A.,N.A.,E,N,u,1.0,P,BSU22490,dapB,BSU22490,,944762.0
ECK0049,folA,JW0047,+,49823,50302,49826,50281,b0048,+,49823,50302,49826,50281,0,8,0.0 ,0.0,N.A.,N.A.,E,N,u,1.0,G,BSU21810,dfrA,BSU21810,,944790.0
ECK0055,imp,JW0053,-,54755,57109,54776,57106,b0054,-,54755,57109,54776,57106,0,8,0.0 ,0.0,N.A.,N.A.,E,E,u,3.0,Ec,,,,,945011.0
ECK0058,yabQ,JW0056,+,59121,59279,59124,59258,b0057,+,59121,59279,59124,59258,0,8,0.0 ,0.0,N.A.,N.A.,N,u,u,1.0,,,,,,944776.0
ECK0084,ftsL,JW0081,+,91032,91397,91035,91376,b0083,+,91032,91397,91035,91376,0,8,0.0 ,0.0,N.A.,N.A.,E,E,u,3.0,Ec,,,,,944803.0
ECK0085,ftsI,JW0082,+,91413,93179,91416,93158,b0084,+,91413,93179,91416,93158,0,8,0.0 ,0.0,N.A.,N.A.,E,E,u,3.0,G,BSU15160,pbpB,BSU15160,,944799.0
ECK0086,murE,JW0083,+,93166,94653,93169,94632,b0085,+,93166,94653,93169,94632,0,8,0.0 ,0.0,N.A.,N.A.,E,E,u,3.0,Ec,BSU15180,murE,BSU15180,5'_overlap,944791.0
ECK0087,murF,JW0084,+,94650,96008,94653,95987,b0086,+,94650,96008,94653,95987,0,8,0.0 ,0.0,N.A.,N.A.,N,E,u,2.0,Ec,BSU04570,murF,BSU04570,,944813.0
ECK0088,mraY,JW0085,+,96002,97084,96005,97063,b0087,+,96002,97084,96005,97063,0,8,0.0 ,0.0,N.A.,N.A.,N,E,u,2.0,Ec,BSU15190,mraY,BSU15190,5'_overlap,944814.0
ECK0089,murD,JW0086,+,97087,98403,97090,98382,b0088,+,97087,98403,97090,98382,0,8,0.0 ,0.0,N.A.,N.A.,E,E,u,3.0,P,BSU15200,murD,BSU15200,,944818.0
ECK0090,ftsW,JW0087,+,98403,99647,98406,99626,b0089,+,98403,99647,98406,99626,0,8,0.0 ,0.0,N.A.,N.A.,E,E,u,3.0,G,BSU15210,spoVE,,,946322.0
ECK0091,murG,JW0088,+,99644,100711,99647,100690,b0090,+,99644,100711,99647,100690,0,8,0.0 ,0.0,N.A.,N.A.,E,E,u,3.0,P,BSU15220,murG,BSU15220,,946321.0
ECK0092,murC,JW0089,+,100765,102240,100768,102219,b0091,+,100765,102240,100768,102219,0,8,0.0 ,0.0,N.A.,N.A.,E,E,u,3.0,Ec,BSU29790,murC,BSU29790,,946153.0
ECK0094,ftsQ,JW0091,+,103155,103985,103158,103964,b0093,+,103155,103985,103158,103964,0,8,0.0 ,0.0,N.A.,N.A.,E,E,u,3.0,Ec,,,,,944823.0
ECK0095,ftsA,JW0092,+,103982,105244,103985,105223,b0094,+,103982,105244,103985,105223,0,8,0.0 ,0.0,N.A.,N.A.,E,E,u,3.0,P,BSU15280,ftsA,BSU15280,,944778.0
ECK0096,ftsZ,JW0093,+,105305,106456,105308,106435,b0095,+,105305,106456,105308,106435,0,8,0.0 ,0.0,N.A.,N.A.,E,E,u,3.0,P,BSU15290,ftsZ,BSU15290,,944786.0
ECK0097,lpxC,JW0094,+,106557,107474,106560,107453,b0096,+,106557,107474,106560,107453,0,8,0.0 ,0.0,N.A.,N.A.,?,E,u,2.5,Ec,,,,,944816.0
ECK0098,secM,JW5007,+,107705,108217,107708,108196,b0097,+,107705,108217,107708,108196,1,8,12.5 ,0.0,N.A.,N.A.,E,u,N,1.0,Ec,,,,,944831.0
ECK0099,secA,JW0096,+,108279,110984,108282,110963,b0098,+,108279,110984,108282,110963,0,8,0.0 ,0.0,N.A.,N.A.,E,E,u,3.0,B,BSU35300,secA,BSU35300,,944821.0
ECK0125,can,JW0122,-,142008,142670,142029,142667,b0126,-,142008,142670,142029,142667,0,8,0.0 ,0.0,N.A.,N.A.,E,E,u,3.0,Ec,,,,,944832.0
ECK0141,folK,JW0138,-,157253,157732,157274,157729,b0142,-,157253,157732,157274,157729,0,8,0.0 ,0.0,N.A.,N.A.,E,N,u,1.0,Ec,BSU00790,folK,,,948792.0
ECK0153,hemL,JW0150,-,173602,174882,173623,174879,b0154,-,173602,174882,173623,174879,0,8,0.0 ,0.0,N.A.,N.A.,E,N,u,1.0,Ec,BSU28120,hemL,,,946892.0
ECK0155,yadR,JW0152,+,176610,176954,176613,176933,b0156,+,176610,176954,176613,176933,0,8,0.0 ,0.0,N.A.,N.A.,N,u,u,1.0,G,BSU32160,yutM,,,944857.0
ECK0164,dapD,JW0161,-,185123,185947,185144,185944,b0166,-,185123,185947,185144,185944,0,8,0.0 ,0.0,N.A.,N.A.,E,N,u,1.0,G,BSU14180,ykuQ,BSU14180,,944862.0
ECK0166,map,JW0163,-,188712,189506,188733,189503,b0168,-,188712,189506,188733,189503,0,8,0.0 ,0.0,N.A.,N.A.,E,E,u,3.0,P,BSU01380,map,BSU01380,,947882.0
ECK0168,rpsB,JW0164,+,189874,190599,189877,190578,b0169,+,189874,190599,189877,190578,0,8,0.0 ,0.0,N.A.,N.A.,E,E,u,3.0,B,BSU16490,rpsB,BSU16490,,947874.0
ECK0169,tsf,JW0165,+,190857,191708,190860,191687,b0170,+,190857,191708,190860,191687,0,8,0.0 ,0.0,N.A.,N.A.,E,u,u,2.0,B,BSU16500,tsf,BSU16500,,944866.0
ECK0170,pyrH,JW0166,+,191855,192580,191858,192559,b0171,+,191855,192580,191858,192559,0,8,0.0 ,0.0,N.A.,N.A.,E,E,u,3.0,P,BSU16510,pyrH,,,944989.0
ECK0171,frr,JW0167,+,192872,193429,192875,193408,b0172,+,192872,193429,192875,193408,0,8,0.0 ,0.0,N.A.,N.A.,E,E,u,3.0,B,BSU16520,frr,BSU16520,,946122.0
ECK0172,dxr,JW0168,+,193521,194717,193524,194696,b0173,+,193521,194717,193524,194696,0,8,0.0 ,0.0,N.A.,N.A.,E,E,u,3.0,,BSU16550,dxr,BSU16550,,945019.0
ECK0173,ispU,JW0169,+,194903,195664,194906,195643,b0174,+,194903,195664,194906,195643,0,8,0.0 ,0.0,N.A.,N.A.,E,E,u,3.0,G,BSU16530,uppS,,,944874.0
ECK0174,cdsA,JW5810,+,195677,196534,195680,196513,b0175,+,195677,196534,195680,196513,0,8,0.0 ,0.0,N.A.,N.A.,E,E,u,3.0,Ec,BSU16540,cdsA,BSU16540,,944876.0
ECK0175,yaeL,JW0171,+,196546,197898,196549,197877,b0176,+,196546,197898,196549,197877,0,8,0.0 ,0.0,N.A.,N.A.,N,E,u,2.0,Ec,BSU16560,yluC,,,944871.0
ECK0176,yaeT,JW0172,+,197928,200360,197931,200339,b0177,+,197928,200360,197931,200339,0,8,0.0 ,0.0,N.A.,N.A.,E,u,u,2.0,Ec,,,,,944870.0
ECK0178,lpxD,JW0174,+,200971,201996,200974,201975,b0179,+,200971,201996,200974,201975,0,8,0.0 ,0.0,N.A.,N.A.,?,E,u,2.5,Ec,,,,,944882.0
ECK0179,fabZ,JW0175,+,202101,202556,202104,202535,b0180,+,202101,202556,202104,202535,0,8,0.0 ,0.0,N.A.,N.A.,E,E,u,3.0,Ec,BSU36370,ywpB,,,944888.0
ECK0180,lpxA,JW0176,+,202560,203348,202563,203327,b0181,+,202560,203348,202563,203327,0,8,0.0 ,0.0,N.A.,N.A.,E,E,u,3.0,Ec,,,,,944849.0
ECK0181,lpxB,JW0177,+,203348,204496,203351,204475,b0182,+,203348,204496,203351,204475,0,8,0.0 ,0.0,N.A.,N.A.,E,E,u,3.0,Ec,,,,,944838.0
ECK0183,dnaE,JW0179,+,205126,208608,205129,208587,b0184,+,205126,208608,205129,208587,0,8,0.0 ,0.0,N.A.,N.A.,E,E,u,3.0,B,BSU29230,dnaE,BSU29230,,944877.0
ECK0184,accA,JW0180,+,208621,209580,208624,209559,b0185,+,208621,209580,208624,209559,0,8,0.0 ,0.0,N.A.,N.A.,E,E,u,3.0,Ec,BSU29200,accA,BSU29200,,944895.0
ECK0187,tilS,JW0183,+,212331,213629,212334,213608,b0188,+,212331,213629,212334,213608,0,8,0.0 ,0.0,N.A.,N.A.,E,E,u,3.0,G,BSU00670,yacA,BSU00670,,944889.0
ECK0194,proS,JW0190,-,217057,218775,217078,218772,b0194,-,217057,218775,217078,218772,0,8,0.0 ,0.0,N.A.,N.A.,E,E,u,3.0,G,BSU16570,proS,BSU16570,,949116.0
ECK0219,yafF,JW0208,+,239190,239378,239193,239357,b4503,+,239190,239378,239193,239357,0,8,0.0 ,0.0,N.A.,N.A.,-,u,u,1.5,,,,,,1450235.0
ECK0271,yagG,JW0263,+,284619,286001,284622,285980,b0270,+,284619,286001,284622,285980,0,8,0.0 ,0.0,N.A.,N.A.,E,N,N,0.0,Ec,,,,,944947.0
ECK0366,hemB,JW0361,-,387977,388951,387998,388948,b0369,-,387977,388951,387998,388948,0,8,0.0 ,0.0,N.A.,N.A.,E,N,u,1.0,Ec,BSU28130,hemB,,,945017.0
ECK0402,secD,JW0398,+,426871,428718,426874,428697,b0408,+,426871,428718,426874,428697,0,8,0.0 ,0.0,N.A.,N.A.,E,N,u,1.0,Ec,BSU27650,secDF,,,949133.0
ECK0403,secF,JW0399,+,428729,429700,428732,429679,b0409,+,428729,429700,428732,429679,0,8,0.0 ,0.0,N.A.,N.A.,E,N,u,1.0,Ec,BSU27650,secDF,,,949120.0
ECK0408,ribD,JW0404,+,432679,433782,432682,433761,b0414,+,432679,433782,432682,433761,0,8,0.0 ,0.0,N.A.,N.A.,E,N,u,1.0,G,BSU23280,ribD,,,945620.0
ECK0409,ribE,JW0405,+,433871,434341,433874,434320,b0415,+,433871,434341,433874,434320,0,8,0.0 ,0.0,N.A.,N.A.,E,N,u,1.0,G,BSU23250,ribH,,,945848.0
ECK0411,thiL,JW0407,+,434858,435835,434861,435793,b0417,+,434858,435835,434861,435793,0,8,0.0 ,0.0,N.A.,N.A.,E,u,u,2.0,Ec,BSU05900,thiL,,KC-primer redesign ,947387.0
ECK0414,dxs,JW0410,-,437539,439401,437560,439398,b0420,-,437539,439401,437560,439398,0,8,0.0 ,0.0,N.A.,N.A.,E,E,u,3.0,Ec,BSU24270,dxs,BSU24270,,945060.0
ECK0415,ispA,JW0411,-,439426,440325,439447,440322,b0421,-,439426,440325,439447,440322,0,8,0.0 ,0.0,N.A.,N.A.,E,E,u,3.0,Ec,BSU24280,yqiD,BSU24280,,945064.0
ECK0464,dnaX,JW0459,+,491316,493247,491319,493226,b0470,+,491316,493247,491319,493226,0,8,0.0 ,0.0,N.A.,N.A.,E,E,u,3.0,G,BSU00190,dnaX,BSU00190,,945105.0
ECK0468,adk,JW0463,+,496399,497043,496402,497022,b0474,+,496399,497043,496402,497022,0,8,0.0 ,0.0,N.A.,N.A.,E,E,u,3.0,P,BSU01370,adk,BSU01370,,945097.0
ECK0469,hemH,JW0464,+,497279,498241,497282,498220,b0475,+,497279,498241,497282,498220,0,8,0.0 ,0.0,N.A.,N.A.,E,N,u,1.0,Ec,BSU10130,hemH,,,947532.0
ECK0517,lpxH,JW0513,-,552441,553163,552462,553160,b0524,-,552441,553163,552462,553160,0,8,0.0 ,0.0,N.A.,N.A.,E,E,u,3.0,Ec,,,,,949053.0
ECK0519,cysS,JW0515,+,553834,555219,553837,555198,b0526,+,553834,555219,553837,555198,0,8,0.0 ,0.0,N.A.,N.A.,E,E,u,3.0,B,BSU00940,cysS,BSU00940,,946969.0
ECK0522,folD,JW0518,-,556098,556964,556119,556961,b0529,-,556098,556964,556119,556961,0,8,0.0 ,0.0,N.A.,N.A.,N,N,u,0.0,En,BSU24310,folD,BSU24310,,945221.0
ECK0575,entD,JW5085,-,608682,609311,608703,609308,b0583,-,608682,609311,608703,609308,0,8,0.0 ,0.0,N.A.,N.A.,N,N,u,0.0,Ec,,,,,945194.0
ECK0627,mrdB,JW0629,-,665623,666735,665644,666732,b0634,-,664424,665536,664445,665533,0,8,0.0 ,0.0,N.A.,N.A.,E,E,u,3.0,Ec,,,,,945238.0
ECK0628,mrdA,JW0630,-,666738,668639,666759,668636,b0635,-,665539,667440,665560,667437,0,8,0.0 ,0.0,N.A.,N.A.,E,E,u,3.0,Ec,BSU04140,pbpC,,,945240.0
ECK0632,nadD,JW0634,-,670353,670994,670374,670991,b0639,-,669154,669795,669175,669792,0,8,0.0 ,0.0,N.A.,N.A.,N,u,u,1.0,Ec,BSU25640,yqeJ,BSU25640,,945248.0
ECK0633,holA,JW0635,-,670996,672027,671017,672024,b0640,-,669797,670828,669818,670825,0,8,0.0 ,0.0,N.A.,N.A.,E,E,u,3.0,G,,,,,947573.0
ECK0634,rlpB,JW0636,-,672027,672608,672048,672605,b0641,-,670828,671409,670849,671406,0,8,0.0 ,0.0,N.A.,N.A.,E,N,u,1.0,Ec,,,,,946257.0
ECK0635,leuS,JW0637,-,672623,675205,672644,675202,b0642,-,671424,674006,671445,674003,0,8,0.0 ,0.0,N.A.,N.A.,E,E,u,3.0,ABE,BSU30320,leuS,BSU30320,,947497.0
ECK0649,lnt,JW0654,-,689765,691303,689786,691300,b0657,-,688566,690104,688587,690101,0,8,0.0 ,0.0,N.A.,N.A.,X,E,u,2.5,Ec,,,,,946201.0
ECK0668,glnS,JW0666,+,706515,708179,706518,708158,b0680,+,705316,706980,705319,706959,0,8,0.0 ,0.0,N.A.,N.A.,E,E,u,3.0,En,,,,,945310.0
ECK0672,fldA,JW0671,-,711357,711887,711378,711884,b0684,-,710158,710688,710179,710685,0,8,0.0 ,0.0,N.A.,N.A.,N,E,u,2.0,En,BSU14150,ykuN,,,945293.0
ECK0721,cydA,JW0722,+,771880,773448,771883,773427,b0733,+,770681,772249,770684,772228,0,8,0.0 ,0.0,N.A.,N.A.,E,N,N,0.0,Ec,BSU38760,cydA,,,945341.0
ECK0875,infA,JW0867,-,926647,926865,926668,926862,b0884,-,925448,925666,925469,925663,0,8,0.0 ,0.0,N.A.,N.A.,?,E,u,2.5,P,BSU01390,infA,BSU01390,,945500.0
ECK0877,cydC,JW0869,-,927896,929617,927917,929614,b0886,-,926697,928418,926718,928415,0,8,0.0 ,0.0,N.A.,N.A.,E,N,u,1.0,Ec,BSU38730,cydD,,,945504.0
ECK0881,ftsK,JW0873,+,933646,937635,933649,937614,b0890,+,932447,936436,932450,936415,0,8,0.0 ,0.0,N.A.,N.A.,N*,E,u,2.0,Ec,BSU16800,spoIIIE,,,945102.0
ECK0882,lolA,JW0874,+,937791,938405,937794,938384,b0891,+,936592,937206,936595,937185,0,8,0.0 ,0.0,N.A.,N.A.,N,E,u,2.0,Ec,,,,,948989.0
ECK0884,serS,JW0876,+,939850,941142,939853,941121,b0893,+,938651,939943,938654,939922,0,8,0.0 ,0.0,N.A.,N.A.,E,E,u,3.0,ABE,BSU00130,serS,BSU00130,,945506.0
ECK0902,rpsA,JW0894,+,962417,964090,962420,964069,b0911,+,961218,962891,961221,962870,0,8,0.0 ,0.0,N.A.,N.A.,N*,E,u,2.0,P,BSU22880,ypfD,,,945536.0
ECK0905,msbA,JW0897,+,967043,968791,967046,968770,b0914,+,965844,967592,965847,967571,0,8,0.0 ,0.0,N.A.,N.A.,E,E,u,3.0,Ec,BSU08220,yfiC,,,945530.0
ECK0906,lpxK,JW0898,+,968788,969774,968791,969753,b0915,+,967589,968575,967592,968554,0,8,0.0 ,0.0,N.A.,N.A.,E,u,u,2.0,,,,,,945526.0
ECK0909,kdsB,JW0901,+,971274,972020,971277,971999,b0918,+,970075,970821,970078,970800,0,8,0.0 ,0.0,N.A.,N.A.,E,E,u,3.0,Ec,,,,,945539.0
ECK0913,mukF,JW0905,+,974741,976063,974744,976042,b0922,+,973542,974864,973545,974843,0,8,0.0 ,0.0,N.A.,N.A.,E,N,u,1.0,Ec,,,,,945548.0
ECK0914,mukE,JW0906,+,976071,976748,976074,976727,b0923,+,974872,975549,974875,975528,0,8,0.0 ,0.0,N.A.,N.A.,E,N,u,1.0,Ec,,,,,945550.0
ECK0915,mukB,JW0907,+,976748,981208,976751,981187,b0924,+,975549,980009,975552,979988,0,8,0.0 ,0.0,N.A.,N.A.,E,N,N,0.0,Ec,,,,,945549.0
ECK0921,asnS,JW0913,-,988007,989407,988028,989404,b0930,-,986808,988208,986829,988205,0,8,0.0 ,0.0,N.A.,N.A.,E,E,u,3.0,En,BSU22360,asnS,BSU22360,,945555.0
ECK0945,fabA,JW0937,-,1016374,1016892,1016395,1016889,b0954,-,1015175,1015693,1015196,1015690,0,8,0.0 ,0.0,N.A.,N.A.,E,E,u,3.0,Ec,,,,,945568.0
ECK1054,mviN,JW1056,+,1129416,1130951,1129419,1130930,b1069,+,1127062,1128597,1127065,1128576,0,8,0.0 ,0.0,N.A.,N.A.,E,u,u,2.0,P,BSU00570,yabM,,,945487.0
ECK1069,rne,JW1071,-,1142759,1145944,1142780,1145941,b1084,-,1140405,1143590,1140426,1143587,0,8,0.0 ,0.0,N.A.,N.A.,E,E,u,3.0,G,,,,,945641.0
ECK1070,yceQ,JW5154,+,1146079,1146399,1146082,1146378,b1085,+,1143725,1144045,1143728,1144024,0,8,0.0 ,0.0,N.A.,N.A.,E,u,u,2.0,Ec,,,,,945640.0
ECK1078,fabD,JW1078,+,1151305,1152234,1151308,1152213,b1092,+,1148951,1149880,1148954,1149859,0,8,0.0 ,0.0,N.A.,N.A.,E,E,u,3.0,Ec,BSU15900,fabD,BSU15900,,945766.0
ECK1079,fabG,JW1079,+,1152247,1152981,1152250,1152960,b1093,+,1149893,1150627,1149896,1150606,0,8,0.0 ,0.0,N.A.,N.A.,E,E,u,3.0,,BSU15910,fabG,BSU15910,,945645.0
ECK1080,acpP,JW1080,+,1153192,1153428,1153195,1153407,b1094,+,1150838,1151074,1150841,1151053,0,8,0.0 ,0.0,N.A.,N.A.,?,E,u,2.5,G,BSU15920,acpA,BSU15920,,944805.0
ECK1084,tmk,JW1084,+,1156701,1157342,1156704,1157321,b1098,+,1154347,1154988,1154350,1154967,0,8,0.0 ,0.0,N.A.,N.A.,E,E,u,3.0,En,BSU00280,tmk,BSU00280,5'_overlap,945663.0
ECK1085,holB,JW1085,+,1157339,1158343,1157342,1158322,b1099,+,1154985,1155989,1154988,1155968,0,8,0.0 ,0.0,N.A.,N.A.,E,E,u,3.0,G,,,,,945661.0
ECK1102,lolC,JW5161,+,1177004,1178203,1177007,1178182,b1116,+,1174650,1175849,1174653,1175828,0,8,0.0 ,0.0,N.A.,N.A.,E,E,u,3.0,Ec,,,,,945673.0
ECK1103,lolD,JW5162,+,1178196,1178897,1178199,1178876,b1117,+,1175842,1176543,1175845,1176522,0,8,0.0 ,0.0,N.A.,N.A.,E,E,u,3.0,Ec,BSU30420,ytrE,,5'_overlap,945670.0
ECK1104,lolE,JW1104,+,1178897,1180141,1178900,1180120,b1118,+,1176543,1177787,1176546,1177766,0,8,0.0 ,0.0,N.A.,N.A.,E,E,u,3.0,Ec,,,,,945665.0
ECK1117,purB,JW1117,-,1192193,1193563,1192214,1193560,b1131,-,1189839,1191209,1189860,1191206,0,8,0.0 ,0.0,N.A.,N.A.,N,N,u,0.0,G,BSU06440,purB,,,945695.0
ECK1131,ymfK,JW1131,-,1203836,1204510,1203857,1204507,b1145,-,1201482,1202156,1201503,1202153,0,8,0.0 ,0.0,N.A.,N.A.,E,N,u,1.0,Ec,,,,,945719.0
ECK1162,minE,JW1163,-,1225856,1226122,1225877,1226119,b1174,-,1223502,1223768,1223523,1223765,0,8,0.0 ,0.0,N.A.,N.A.,X,N,u,0.5,En,,,,,945740.0
ECK1163,minD,JW1164,-,1226126,1226938,1226147,1226935,b1175,-,1223772,1224584,1223793,1224581,0,8,0.0 ,0.0,N.A.,N.A.,E,N,N,0.0,En,BSU27990,minD,,,945741.0
ECK1192,pth,JW1195,-,1259506,1260090,1259527,1260087,b1204,-,1257152,1257736,1257173,1257733,0,8,0.0 ,0.0,N.A.,N.A.,E,E,N,2.0,B,BSU00530,spoVC,BSU00530,,945765.0
ECK1195,prsA,JW1198,-,1262505,1263452,1262526,1263449,b1207,-,1260151,1261098,1260172,1261095,0,8,0.0 ,0.0,N.A.,N.A.,E,E,u,3.0,G,BSU00510,prs,BSU00510,,945772.0
ECK1196,ispE,JW1199,-,1263603,1264454,1263624,1264451,b1208,-,1261249,1262100,1261270,1262097,0,8,0.0 ,0.0,N.A.,N.A.,E,E,u,3.0,Ec,BSU00460,ispE,BSU00460,,945774.0
ECK1197,lolB,JW1200,-,1264454,1265077,1264475,1265074,b1209,-,1262100,1262723,1262121,1262720,0,8,0.0 ,0.0,N.A.,N.A.,X,E,u,2.5,Ec,,,,,945775.0
ECK1198,hemA,JW1201,+,1265291,1266547,1265294,1266526,b1210,+,1262937,1264193,1262940,1264172,0,8,0.0 ,0.0,N.A.,N.A.,X,N,u,0.5,Ec,BSU28170,hemA,,,945777.0
ECK1199,prfA,JW1202,+,1266589,1267671,1266592,1267650,b1211,+,1264235,1265317,1264238,1265296,0,8,0.0 ,0.0,N.A.,N.A.,X,E,u,2.5,B,BSU37010,prfA,BSU37010,,949002.0
ECK1200,prmC,JW1203,+,1267671,1268504,1267674,1268483,b1212,+,1265317,1266150,1265320,1266129,0,8,0.0 ,0.0,N.A.,N.A.,E,N,u,1.0,P,BSU37000,ywkE,,,945779.0
ECK1203,kdsA,JW1206,+,1269742,1270596,1269745,1270575,b1215,+,1267388,1268242,1267391,1268221,0,8,0.0 ,0.0,N.A.,N.A.,N*,E,u,2.0,Ec,BSU29750,aroA,,,945785.0
ECK1268,topA,JW1266,+,1332762,1335359,1332765,1335338,b1274,+,1329072,1331669,1329075,1331648,0,8,0.0 ,0.0,N.A.,N.A.,E,E,u,3.0,Ec,BSU16120,topA,BSU16120,,945862.0
ECK1272,ribA,JW1269,-,1340284,1340874,1340305,1340871,b1277,-,1336594,1337184,1336615,1337181,0,8,0.0 ,0.0,N.A.,N.A.,E,N,u,1.0,En,BSU23260,ribA,,,945763.0
ECK1283,fabI,JW1281,-,1351965,1352753,1351986,1352750,b1288,-,1348275,1349063,1348296,1349060,0,8,0.0 ,0.0,N.A.,N.A.,E,E,u,3.0,En,BSU11720,fabI,,,945870.0
ECK1354,racR,JW1351,-,1421479,1421955,1421500,1421952,b1356,-,1417789,1418265,1417810,1418262,0,8,0.0 ,0.0,N.A.,N.A.,E,N,u,1.0,,,,,,945899.0
ECK1564,dicA,JW1562,+,1649648,1650055,1649651,1650034,b1570,+,1645958,1646365,1645961,1646344,0,8,0.0 ,0.0,N.A.,N.A.,E,N,u,1.0,,BSU04820,ydcN,,,946241.0
ECK1566,ydfB,JW1564,+,1650379,1650507,1650382,1650486,b1572,+,1646689,1646817,1646692,1646796,0,8,0.0 ,0.0,N.A.,N.A.,-,N,N,-0.5,Ec,,,,,946176.0
ECK1633,tyrS,JW1629,-,1717662,1718936,1717683,1718933,b1637,-,1713972,1715246,1713993,1715243,0,8,0.0 ,0.0,N.A.,N.A.,E,E,u,3.0,P,BSU29670,tyrS,BSU29670,,948855.0
ECK1658,ribC,JW1654,-,1744315,1744956,1744336,1744953,b1662,-,1740625,1741266,1740646,1741263,0,8,0.0 ,0.0,N.A.,N.A.,E,N,u,1.0,G,BSU23270,ribE,,,945848.0
ECK1687,ydiL,JW1679,+,1772329,1772685,1772332,1772664,b1689,+,1768639,1768995,1768642,1768974,0,8,0.0 ,0.0,N.A.,N.A.,N,N,N,-1.0,Ec,,,,,946181.0
ECK1711,pheT,JW1703,-,1797271,1799658,1797292,1799655,b1713,-,1793581,1795968,1793602,1795965,0,8,0.0 ,0.0,N.A.,N.A.,?,E,u,2.5,,BSU28630,pheT,BSU28630,,945382.0
ECK1712,pheS,JW5277,-,1799673,1800656,1799694,1800653,b1714,-,1795983,1796966,1796004,1796963,0,8,0.0 ,0.0,N.A.,N.A.,?,E,u,2.5,ABE,BSU28640,pheS,BSU28640,,946223.0
ECK1714,rplT,JW1706,-,1801107,1801463,1801128,1801460,b1716,-,1797417,1797773,1797438,1797770,0,8,0.0 ,0.0,N.A.,N.A.,E,E,u,3.0,B,BSU28850,rplT,BSU28850,,945152.0
ECK1716,infC,JW5829,-,1801810,1802352,1801831,1802349,b1718,-,1798120,1798662,1798141,1798659,0,8,0.0 ,0.0,N.A.,N.A.,E,E,u,3.0,Ec,BSU28870,infC,BSU28870,,946225.0
ECK1717,thrS,JW1709,-,1802356,1804284,1802377,1804281,b1719,-,1798666,1800594,1798687,1800591,0,8,0.0 ,0.0,N.A.,N.A.,E,E,u,3.0,ABE,BSU28950,thrS,,,946222.0
ECK1738,nadE,JW1729,+,1824172,1824999,1824175,1824978,b1740,+,1820482,1821309,1820485,1821288,0,8,0.0 ,0.0,N.A.,N.A.,E,E,u,3.0,Ec,BSU03130,nadE,BSU03130,,946946.0
ECK1777,gapA,JW1768,+,1864485,1865480,1864488,1865459,b1779,+,1860795,1861790,1860798,1861769,0,8,0.0 ,0.0,N.A.,N.A.,E,N,u,1.0,En,BSU29020,gapB,,,947679.0
ECK1805,yeaZ,JW1796,-,1892286,1892981,1892307,1892978,b1807,-,1888596,1889291,1888617,1889288,0,8,0.0 ,0.0,N.A.,N.A.,E,u,u,2.0,G,BSU05920,ydiC,BSU05920,,946304.0
ECK1867,aspS,JW1855,-,1950464,1952236,1950485,1952233,b1866,-,1946774,1948546,1946795,1948543,0,8,0.0 ,0.0,N.A.,N.A.,E,E,u,3.0,P,BSU27550,aspS,BSU27550,,946385.0
ECK1877,argS,JW1865,+,1961776,1963509,1961779,1963488,b1876,+,1958086,1959819,1958089,1959798,0,8,0.0 ,0.0,N.A.,N.A.,E,E,u,3.0,ABE,BSU37330,argS,BSU37330,,946452.0
ECK1911,pgsA,JW1897,-,1994406,1994954,1994427,1994951,b1912,-,1990293,1990841,1990314,1990838,0,8,0.0 ,0.0,N.A.,N.A.,E,E,u,3.0,Ec,BSU16920,pgsA,BSU16920,,945791.0
ECK2012,yefM,JW5835,-,2091599,2091850,2091620,2091847,b2017,-,2087486,2087737,2087507,2087734,0,8,0.0 ,0.0,N.A.,N.A.,X,N,N,-0.5,,,,,,946542.0
ECK2107,metG,JW2101,+,2197634,2199667,2197637,2199646,b2114,+,2192322,2194355,2192325,2194334,0,8,0.0 ,0.0,N.A.,N.A.,E,N,N,0.0,P,BSU00380,metS,BSU00380,,946643.0
ECK2146,folE,JW2140,-,2246318,2246986,2246339,2246983,b2153,-,2241006,2241674,2241027,2241671,0,8,0.0 ,0.0,N.A.,N.A.,E,N,u,1.0,Ec,BSU22780,mtrA,,3'_overlap,949040.0
ECK2182,yejM,JW2176,+,2287710,2289470,2287713,2289449,b2188,+,2282398,2284158,2282401,2284137,0,8,0.0 ,0.0,N.A.,N.A.,N,u,N,0.0,Ec,,,,,946685.0
ECK2223,gyrA,JW2225,-,2341463,2344090,2341484,2344087,b2231,-,2334815,2337442,2334836,2337439,0,8,0.0 ,0.0,N.A.,N.A.,E,E,N,2.0,B,BSU00070,gyrA,BSU00070,,946614.0
ECK2226,nrdA,JW2228,+,2349535,2351820,2349538,2351799,b2234,+,2342887,2345172,2342890,2345151,0,8,0.0 ,0.0,N.A.,N.A.,E,E,u,3.0,Ec,,,,,946612.0
ECK2227,nrdB,JW2229,+,2352054,2353184,2352057,2353163,b2235,+,2345406,2346536,2345409,2346515,0,8,0.0 ,0.0,N.A.,N.A.,E,E,u,3.0,Ec,,,,,946732.0
ECK2309,folC,JW2312,-,2437120,2438388,2437141,2438385,b2315,-,2429696,2430964,2429717,2430961,0,8,0.0 ,0.0,N.A.,N.A.,X,N,u,0.5,G,BSU28080,folC,,,945451.0
ECK2310,accD,JW2313,-,2438458,2439372,2438479,2439369,b2316,-,2431034,2431948,2431055,2431945,0,8,0.0 ,0.0,N.A.,N.A.,N*,E,u,2.0,Ec,BSU29210,accD,BSU29210,5'_overlap,946796.0
ECK2317,fabB,JW2320,-,2445831,2447051,2445852,2447048,b2323,-,2438407,2439627,2438428,2439624,0,8,0.0 ,0.0,N.A.,N.A.,E,E,u,3.0,En,,,,,946799.0
ECK2394,gltX,JW2395,-,2524703,2526118,2524724,2526115,b2400,-,2517279,2518694,2517300,2518691,0,8,0.0 ,0.0,N.A.,N.A.,E,E,u,3.0,En,BSU00920,gltX,BSU00920,,946906.0
ECK2406,ligA,JW2403,-,2533607,2535622,2533628,2535619,b2411,-,2526183,2528198,2526204,2528195,0,8,0.0 ,0.0,N.A.,N.A.,E,E,u,3.0,Ec,BSU06620,ligA,BSU06620,,946885.0
ECK2407,zipA,JW2404,-,2535693,2536679,2535714,2536676,b2412,-,2528269,2529255,2528290,2529252,0,8,0.0 ,0.0,N.A.,N.A.,E,E,u,3.0,Ec,,,,,946869.0
ECK2467,dapE,JW2456,+,2590263,2591390,2590266,2591369,b2472,+,2589629,2590756,2589632,2590735,0,8,0.0 ,0.0,N.A.,N.A.,E,N,u,1.0,G,,,,,948313.0
ECK2474,dapA,JW2463,-,2597538,2598416,2597559,2598413,b2478,-,2596904,2597782,2596925,2597779,0,8,0.0 ,0.0,N.A.,N.A.,E,N,u,1.0,P,BSU16770,dapA,BSU16770,,946952.0
ECK2507,der,JW5403,-,2634540,2636012,2634561,2636009,b2511,-,2633906,2635378,2633927,2635375,0,8,0.0 ,0.0,N.A.,N.A.,E,u,u,2.0,B,BSU22840,yphC,BSU22840,,946983.0
ECK2510,hisS,JW2498,-,2637957,2639231,2637978,2639228,b2514,-,2637323,2638597,2637344,2638594,0,8,0.0 ,0.0,N.A.,N.A.,E,E,u,3.0,P,BSU27560,hisS,BSU27560,,946989.0
ECK2511,ispG,JW2499,-,2639342,2640460,2639363,2640457,b2515,-,2638708,2639826,2638729,2639823,0,8,0.0 ,0.0,N.A.,N.A.,E,E,u,3.0,Ec,BSU25070,yqfY,BSU25070,,946991.0
ECK2530,suhB,JW2517,+,2662098,2662901,2662101,2662880,b2533,+,2661464,2662267,2661467,2662246,0,8,0.0 ,0.0,N.A.,N.A.,E,N,N,0.0,,BSU14670,yktC,,,947285.0
ECK2557,tadA,JW2543,-,2696010,2696546,2696031,2696543,b2559,-,2695376,2695912,2695397,2695909,0,8,0.0 ,0.0,N.A.,N.A.,E,u,u,2.0,G,BSU00180,yaaJ,,,947027.0
ECK2561,acpS,JW2547,-,2699274,2699654,2699295,2699651,b2563,-,2698640,2699020,2698661,2699017,0,8,0.0 ,0.0,N.A.,N.A.,E,E,u,3.0,En,BSU04620,acpS,BSU04620,,947037.0
ECK2564,era,JW2550,-,2701137,2702042,2701158,2702039,b2566,-,2700503,2701408,2700524,2701405,0,8,0.0 ,0.0,N.A.,N.A.,E,E,u,3.0,Ec,BSU25290,era,BSU25290,,947036.0
ECK2565,rnc,JW2551,-,2702039,2702719,2702060,2702716,b2567,-,2701405,2702085,2701426,2702082,0,8,0.0 ,0.0,N.A.,N.A.,E,N,N,0.0,P,BSU15930,rnc,BSU15930,,947033.0
ECK2566,lepB,JW2552,-,2702991,2703965,2703012,2703962,b2568,-,2702357,2703331,2702378,2703328,0,8,0.0 ,0.0,N.A.,N.A.,E,E,u,3.0,P,BSU04010,sipU,,,947040.0
ECK2571,rpoE,JW2557,-,2708093,2708668,2708114,2708665,b2573,-,2707459,2708034,2707480,2708031,0,8,0.0 ,0.0,N.A.,N.A.,?,N,u,0.5,Ec,BSU01730,sigW,,,947050.0
ECK2583,pssA,JW2569,+,2721383,2722738,2721386,2722717,b2585,+,2720749,2722104,2720752,2722083,0,8,0.0 ,0.0,N.A.,N.A.,E,E,u,3.0,Ec,,,,,947059.0
ECK2593,yfiO,JW2577,+,2734802,2735539,2734805,2735518,b2595,+,2734168,2734905,2734171,2734884,0,8,0.0 ,0.0,N.A.,N.A.,N,u,N,0.0,Ec,,,,,947086.0
ECK2603,rplS,JW2587,-,2742839,2743186,2742860,2743183,b2606,-,2742205,2742552,2742226,2742549,0,8,0.0 ,0.0,N.A.,N.A.,E,E,u,3.0,P,BSU16040,rplS,BSU16040,,947096.0
ECK2604,trmD,JW2588,-,2743228,2743995,2743249,2743992,b2607,-,2742594,2743361,2742615,2743358,0,8,0.0 ,0.0,N.A.,N.A.,E,E,u,3.0,Ec,BSU16030,trmD,BSU16030,,947099.0
ECK2606,rpsP,JW2590,-,2744593,2744841,2744614,2744838,b2609,-,2743959,2744207,2743980,2744204,0,8,0.0 ,0.0,N.A.,N.A.,E,E,u,3.0,En,BSU15990,rpsP,BSU15990,,947103.0
ECK2607,ffh,JW5414,-,2745090,2746451,2745111,2746448,b2610,-,2744456,2745817,2744477,2745814,0,8,0.0 ,0.0,N.A.,N.A.,E,E,u,3.0,P,BSU15980,ffh,BSU15980,,947102.0
ECK2610,grpE,JW2594,-,2748771,2749364,2748792,2749361,b2614,-,2748137,2748730,2748158,2748727,0,8,0.0 ,0.0,N.A.,N.A.,E,E,u,3.0,B,BSU25480,grpE,,,947097.0
ECK2611,yfjB,JW2596,+,2749487,2750365,2749490,2750344,b2615,+,2748853,2749731,2748856,2749710,0,8,0.0 ,0.0,N.A.,N.A.,E,u,u,2.0,P,BSU11610,ppnK/yjbN,BSU11610,,947092.0
ECK2691,csrA,JW2666,-,2817617,2817802,2817638,2817799,b2696,-,2816983,2817168,2817004,2817165,0,8,0.0 ,0.0,N.A.,N.A.,X,N,u,0.5,Ec,BSU35370,csrA,,,947176.0
ECK2741,ispF,JW2716,-,2869957,2870436,2869978,2870433,b2746,-,2869323,2869802,2869344,2869799,0,8,0.0 ,0.0,N.A.,N.A.,E,E,u,3.0,Ec,BSU00910,yacN,BSU00910,,945057.0
ECK2742,ispD,JW2717,-,2870436,2871146,2870457,2871143,b2747,-,2869802,2870512,2869823,2870509,0,8,0.0 ,0.0,N.A.,N.A.,E,E,u,3.0,Ec,BSU00900,yacM,BSU00900,,948269.0
ECK2743,ftsB,JW2718,-,2871165,2871476,2871186,2871473,b2748,-,2870531,2870842,2870552,2870839,0,8,0.0 ,0.0,N.A.,N.A.,E,E,N,2.0,Ec,,,,,946033.0
ECK2773,eno,JW2750,-,2905299,2906597,2905320,2906594,b2779,-,2904665,2905963,2904686,2905960,0,8,0.0 ,0.0,N.A.,N.A.,X,E,u,2.5,G,BSU33900,eno,BSU33900,,945032.0
ECK2774,pyrG,JW2751,-,2906685,2908322,2906706,2908319,b2780,-,2906051,2907688,2906072,2907685,0,8,0.0 ,0.0,N.A.,N.A.,E,u,u,2.0,P,BSU37150,pyrG,BSU37150,,946116.0
ECK2777,chpR,JW2754,-,2909747,2909995,2909768,2909992,b2783,-,2909113,2909361,2909134,2909358,0,8,0.0 ,0.0,N.A.,N.A.,N,N,u,0.0,,,,,,947245.0
ECK2824,lgt,JW2796,-,2963818,2964693,2963839,2964690,b2828,-,2963184,2964059,2963205,2964056,0,8,0.0 ,0.0,N.A.,N.A.,E,E,N,2.0,Ec,BSU34990,lgt,,,947303.0
ECK2921,fbaA,JW2892,-,3068821,3069900,3068842,3069897,b2925,-,3068187,3069266,3068208,3069263,0,8,0.0 ,0.0,N.A.,N.A.,E,E,u,3.0,En,,,,,947415.0
ECK2922,pgk,JW2893,-,3070115,3071278,3070136,3071275,b2926,-,3069481,3070644,3069502,3070641,0,8,0.0 ,0.0,N.A.,N.A.,E,N,N,0.0,G,BSU33930,pgk,BSU33930,,947414.0
ECK2936,yqgD,JW2908,-,3085055,3085306,3085076,3085303,b2941,-,3084421,3084672,3084442,3084669,0,8,0.0 ,0.0,N.A.,N.A.,?,u,u,1.5,Ec,,,,,
ECK2937,metK,JW2909,+,3085362,3086516,3085365,3086495,b2942,+,3084728,3085882,3084731,3085861,0,8,0.0 ,0.0,N.A.,N.A.,E,E,u,3.0,Ec,BSU30550,metK,BSU30550,,945389.0
ECK2944,yqgF,JW2916,+,3092156,3092572,3092159,3092551,b2949,+,3091522,3091938,3091525,3091917,0,8,0.0 ,0.0,N.A.,N.A.,E,E,u,3.0,G,BSU27390,yrrK,,,947439.0
ECK3009,plsC,JW2986,-,3161400,3162137,3161421,3162134,b3018,-,3160766,3161503,3160787,3161500,0,8,0.0 ,0.0,N.A.,N.A.,E,E,u,3.0,Ec,,,,,947496.0
ECK3012,ygiT,JW2989,-,3166507,3166902,3166528,3166899,b3021,-,3165873,3166268,3165894,3166265,0,8,0.0 ,0.0,N.A.,N.A.,E,N,u,1.0,,,,,,945814.0
ECK3021,parE,JW2998,-,3172160,3174052,3172181,3174049,b3030,-,3171526,3173418,3171547,3173415,0,8,0.0 ,0.0,N.A.,N.A.,E,E,u,3.0,Ec,,,,,947501.0
ECK3032,ribB,JW3009,-,3182469,3183122,3182490,3183119,b3041,-,3181835,3182488,3181856,3182485,0,8,0.0 ,0.0,N.A.,N.A.,E,E,u,3.0,G,BSU23260,ribA,,,947526.0
ECK3046,cca,JW3028,+,3200547,3201785,3200550,3201764,b3056,+,3199913,3201151,3199916,3201130,0,8,0.0 ,0.0,N.A.,N.A.,E,N,u,1.0,En,,,,,947553.0
ECK3054,ygjD,JW3036,-,3208186,3209199,3208207,3209196,b3064,-,3207552,3208565,3207573,3208562,0,8,0.0 ,0.0,N.A.,N.A.,X,E,u,2.5,En,BSU05940,gcp,BSU05940,,947578.0
ECK3102,tdcF,JW5521,-,3258377,3258766,3258398,3258763,b3113,-,3257743,3258132,3257764,3258129,0,8,0.0 ,0.0,N.A.,N.A.,N,N,u,0.0,Ec,BSU00480,yabJ,,,947624.0
ECK3134,yraL,JW3115,-,3292330,3293190,3292351,3293187,b3146,-,3290497,3291357,3290518,3291354,0,8,0.0 ,0.0,N.A.,N.A.,N,u,N,0.0,G,BSU00360,yabC,,,947664.0
ECK3147,yhbV,JW5530,+,3302344,3303222,3302347,3303201,b3159,+,3300511,3301389,3300514,3301368,0,8,0.0 ,0.0,N.A.,N.A.,N,u,u,1.0,Ec,,,,,949117.0
ECK3157,infB,JW3137,-,3313197,3315869,3313218,3315866,b3168,-,3311364,3314036,3311385,3314033,0,8,0.0 ,0.0,N.A.,N.A.,E,E,u,3.0,P,BSU16630,infB,BSU16630,,947684.0
ECK3158,nusA,JW3138,-,3315894,3317381,3315915,3317378,b3169,-,3314061,3315548,3314082,3315545,0,8,0.0 ,0.0,N.A.,N.A.,N*,E,N,1.0,B,BSU16600,nusA,BSU16600,,947682.0
ECK3167,ftsH,JW3145,-,3324856,3326790,3324877,3326787,b3178,-,3323023,3324957,3323044,3324954,0,8,0.0 ,0.0,N.A.,N.A.,N,E,N,1.0,,BSU00690,ftsH,,,947690.0
ECK3172,obgE,JW3150,-,3330437,3331609,3330458,3331606,b3183,-,3328604,3329776,3328625,3329773,0,8,0.0 ,0.0,N.A.,N.A.,E,E,u,3.0,B,BSU27920,obg,BSU27920,,947694.0
ECK3174,rpmA,JW3152,-,3332717,3332974,3332738,3332971,b3185,-,3330884,3331141,3330905,3331138,0,8,0.0 ,0.0,N.A.,N.A.,X,E,u,2.5,B,BSU27940,rpmA,BSU27940,,945190.0
ECK3175,rplU,JW3153,-,3332995,3333306,3333016,3333303,b3186,-,3331162,3331473,3331183,3331470,0,8,0.0 ,0.0,N.A.,N.A.,X,E,N,1.5,,BSU27960,rplU,BSU27960,,949057.0
ECK3176,ispB,JW3154,+,3333565,3334536,3333568,3334515,b3187,+,3331732,3332703,3331735,3332682,0,8,0.0 ,0.0,N.A.,N.A.,E,N,u,1.0,Ec,BSU22740,hepT,BSU22740,,947364.0
ECK3178,murA,JW3156,-,3335090,3336349,3335111,3336346,b3189,-,3333257,3334516,3333278,3334513,0,8,0.0 ,0.0,N.A.,N.A.,N,E,u,2.0,G,BSU36760,murAA,BSU36760,,947703.0
ECK3180,yrbB,JW5535,-,3336818,3337111,3336839,3337108,b3191,-,3334985,3335278,3335006,3335275,0,8,0.0 ,0.0,N.A.,N.A.,N,u,N,0.0,Ec,,,,,947954.0
ECK3188,yrbK,JW3166,+,3342691,3343266,3342694,3343245,b3199,+,3340858,3341433,3340861,3341412,0,8,0.0 ,0.0,N.A.,N.A.,X,E,u,2.5,Ec,,,,3'_overlap,947722.0
ECK3189,yhbN,JW3167,+,3343235,3343792,3343268,3343771,b3200,+,3341402,3341959,3341435,3341938,0,8,0.0 ,0.0,N.A.,N.A.,X,u,u,1.5,Ec,,,,KN-primer redesign,947920.0
ECK3219,rpsI,JW3199,-,3377670,3378062,3377691,3378059,b3230,-,3375837,3376229,3375858,3376226,0,8,0.0 ,0.0,N.A.,N.A.,E,E,u,3.0,B,BSU01500,rpsI,BSU01500,,949000.0
ECK3220,rplM,JW3200,-,3378078,3378506,3378099,3378503,b3231,-,3376245,3376673,3376266,3376670,0,8,0.0 ,0.0,N.A.,N.A.,E,E,u,3.0,P,BSU01490,rplM,BSU01490,,947828.0
ECK3224,degS,JW3204,+,3382055,3383122,3382058,3383101,b3235,+,3380222,3381289,3380225,3381268,0,8,0.0 ,0.0,N.A.,N.A.,N,E,N,1.0,Ec,BSU12900,htrA,,,947865.0
ECK3237,mreD,JW3218,-,3398242,3398730,3398263,3398727,b3249,-,3396409,3396897,3396430,3396894,0,8,0.0 ,0.0,N.A.,N.A.,N,N,u,0.0,Ec,,,,,947756.0
ECK3238,mreC,JW3219,-,3398730,3399833,3398751,3399830,b3250,-,3396897,3398000,3396918,3397997,0,8,0.0 ,0.0,N.A.,N.A.,E,N,u,1.0,Ec,BSU28020,mreC,BSU28020,,947655.0
ECK3239,mreB,JW3220,-,3399899,3400942,3399920,3400939,b3251,-,3398066,3399109,3398087,3399106,0,8,0.0 ,0.0,N.A.,N.A.,E,N,u,1.0,Ec,BSU28030,mreB,BSU28030,,948588.0
ECK3242,accB,JW3223,+,3405291,3405761,3405294,3405740,b3255,+,3403458,3403928,3403461,3403907,0,8,0.0 ,0.0,N.A.,N.A.,X,E,u,2.5,Ec,BSU24350,accB,BSU24350,,947758.0
ECK3243,accC,JW3224,+,3405772,3407121,3405775,3407100,b3256,+,3403939,3405288,3403942,3405267,0,8,0.0 ,0.0,N.A.,N.A.,X,E,u,2.5,Ec,BSU24340,accC,BSU24340,,947761.0
ECK3979,rpoC,JW3951,-,3447108,3451331,3447129,3451328,b3988,+,4183373,4187596,4183376,4187575,0,8,0.0 ,0.0,N.A.,N.A.,E,E,u,3.0,G,BSU01080,rpoC,BSU01080,,948487.0
ECK3978,rpoB,JW3950,-,3451408,3455436,3451429,3455433,b3987,+,4179268,4183296,4179271,4183275,0,8,0.0 ,0.0,N.A.,N.A.,E,E,u,3.0,G,BSU01070,rpoB,BSU01070,,948488.0
ECK3977,rplL,JW3949,-,3455756,3456121,3455777,3456118,b3986,+,4178583,4178948,4178586,4178927,0,8,0.0 ,0.0,N.A.,N.A.,E,E,u,3.0,P,BSU01050,rplL,BSU01050,,948489.0
ECK3976,rplJ,JW3948,-,3456188,3456685,3456209,3456682,b3985,+,4178019,4178516,4178022,4178495,0,8,0.0 ,0.0,N.A.,N.A.,E,E,u,3.0,B,BSU01040,rplJ,BSU01040,,948490.0
ECK3973,nusG,JW3945,-,3458393,3458938,3458414,3458935,b3982,+,4175766,4176311,4175769,4176290,0,8,0.0 ,0.0,N.A.,N.A.,N,E,u,2.0,B,BSU01010,nusG,,,948485.0
ECK3972,secE,JW3944,-,3458940,3459323,3458961,3459320,b3981,+,4175381,4175764,4175384,4175743,0,8,0.0 ,0.0,N.A.,N.A.,N,E,u,2.0,G,,,,,948486.0
ECK3965,birA,JW3941,-,3462634,3463599,3462655,3463593,b3973,+,4171105,4172070,4171111,4172049,0,8,0.0 ,0.0,N.A.,N.A.,E,N,u,1.0,Ec,BSU22440,birA,BSU22440,KN-primer redesign,948469.0
ECK3964,murB,JW3940,-,3463596,3464624,3463617,3464621,b3972,+,4170080,4171108,4170083,4171087,0,8,0.0 ,0.0,N.A.,N.A.,N,E,u,2.0,P,BSU15230,murB,BSU15230,,948470.0
ECK3959,murI,JW5550,-,3470396,3471253,3470417,3471250,b3967,+,4163451,4164308,4163454,4164287,0,8,0.0 ,0.0,N.A.,N.A.,E,E,u,3.0,Ec,BSU28390,racE,BSU28390,5'_overlap,948467.0
ECK3925,ftsN,JW3904,+,3513342,3514301,3513345,3514280,b3933,-,4120403,4121362,4120424,4121359,0,8,0.0 ,0.0,N.A.,N.A.,N,E,u,2.0,Ec,,,,,948428.0
ECK3857,yihA,JW5930,+,3585952,3586548,3585919,3586527,b3865,-,4048156,4048752,4048177,4048785,0,8,0.0 ,0.0,N.A.,N.A.,E,E,u,3.0,Ec,BSU28190,ysxC,BSU28190,,948358.0
ECK3842,hemG,JW3827,-,3601528,3602073,3601549,3602070,b3850,+,4032631,4033176,4032634,4033155,0,8,0.0 ,0.0,N.A.,N.A.,E,N,u,1.0,Ec,,,,,948331.0
ECK3835,ubiD,JW3819,-,3610200,3611693,3610221,3611690,b3843,+,4023011,4024504,4023014,4024483,0,8,0.0 ,0.0,N.A.,N.A.,N,u,u,1.0,Ec,BSU03640,yclC,,,948326.0
ECK3829,ubiB,JW3812,-,3614815,3616455,3614836,3616449,b3835,+,4018249,4019889,4018255,4019868,0,8,0.0 ,0.0,N.A.,N.A.,E,N,u,1.0,Ec,,,,KN-primer redesign,948322.0
ECK3828,yigP,JW3811,-,3616452,3617057,3616473,3617054,b3834,+,4017647,4018252,4017650,4018231,0,8,0.0 ,0.0,N.A.,N.A.,N,u,N,0.0,Ec,,,,,948915.0
ECK3799,hemC,JW5932,+,3645915,3646856,3645897,3646835,b3805,-,3987848,3988789,3987869,3988807,0,8,0.0 ,0.0,N.A.,N.A.,E,u,u,2.0,Ec,BSU28150,hemC,,,947759.0
ECK3798,hemD,JW3776,+,3646853,3647593,3646859,3647572,b3804,-,3987111,3987851,3987132,3987845,0,8,0.0 ,0.0,N.A.,N.A.,E,u,u,2.0,Ec,,,,KN-primer redesign,948587.0
ECK3786,wzyE,JW3769,-,3656728,3658080,3656749,3658077,b3793,+,3976624,3977976,3976627,3977955,0,8,0.0 ,0.0,N.A.,N.A.,E,N,u,1.0,Ec,,,,,948293.0
ECK3723,glmU,JW3708,+,3721481,3722851,3721484,3722830,b3730,-,3911853,3913223,3911874,3913220,0,8,0.0 ,0.0,N.A.,N.A.,E,E,u,3.0,P,BSU00500,gcaD,BSU00500,,948246.0
ECK3722,glmS,JW3707,+,3723013,3724842,3723016,3724821,b3729,-,3909862,3911691,3909883,3911688,0,8,0.0 ,0.0,N.A.,N.A.,E,N,u,1.0,Ec,BSU01780,glmS,BSU01780,,948241.0
ECK3698,yidC,JW3683,-,3753693,3755339,3753714,3755336,b3705,+,3883099,3884745,3883102,3884724,0,8,0.0 ,0.0,N.A.,N.A.,?,E,u,2.5,B,BSU23890,yqjG,,,948214.0
ECK3696,rnpA,JW3681,-,3755563,3755922,3755584,3755919,b3704,+,3882516,3882875,3882519,3882854,0,8,0.0 ,0.0,N.A.,N.A.,?,E,u,2.5,Ec,BSU41050,rnpA,BSU41050,3'_overlap,948215.0
ECK3695,rpmH,JW3680,-,3755939,3756079,3755960,3756076,b3703,+,3882359,3882499,3882362,3882478,0,8,0.0 ,0.0,N.A.,N.A.,?,E,u,2.5,Ec,BSU41060,rpmH,BSU41060,,948216.0
ECK3694,dnaA,JW3679,+,3756686,3758089,3756689,3758068,b3702,-,3880349,3881752,3880370,3881749,0,8,0.0 ,0.0,N.A.,N.A.,E,E,u,3.0,,BSU00010,dnaA,BSU00010,,948217.0
ECK3693,dnaN,JW3678,+,3758094,3759194,3758097,3759173,b3701,-,3879244,3880344,3879265,3880341,0,8,0.0 ,0.0,N.A.,N.A.,X,E,u,2.5,B,BSU00020,dnaN,BSU00020,,948218.0
ECK3691,gyrB,JW5625,+,3760296,3762710,3760299,3762689,b3699,-,3875728,3878142,3875749,3878139,0,8,0.0 ,0.0,N.A.,N.A.,X,E,u,2.5,B,BSU00060,gyrB,BSU00060,,948211.0
ECK3640,spoT,JW3625,-,3815907,3818015,3815928,3818012,b3650,+,3820423,3822531,3820426,3822510,0,8,0.0 ,0.0,N.A.,N.A.,?,E,u,2.5,Ec,BSU27600,relA,,,948159.0
ECK3638,gmk,JW3623,-,3818364,3818987,3818385,3818984,b3648,+,3819451,3820074,3819454,3820053,0,8,0.0 ,0.0,N.A.,N.A.,E,E,u,3.0,P,BSU15680,gmk,BSU15680,,948163.0
ECK3630,dut,JW3615,-,3826028,3826483,3826049,3826480,b3640,+,3811955,3812410,3811958,3812389,0,8,0.0 ,0.0,N.A.,N.A.,E,E,u,3.0,En,,,,5'_overlap,948607.0
ECK3629,dfp,JW5642,-,3826464,3827684,3826485,3827681,b3639,+,3810754,3811974,3810757,3811953,0,8,0.0 ,0.0,N.A.,N.A.,E,E,N,2.0,Ec,BSU15700,yloI,,,949047.0
ECK3627,rpmB,JW3612,+,3828741,3828977,3828744,3828956,b3637,-,3809461,3809697,3809482,3809694,0,8,0.0 ,0.0,N.A.,N.A.,?,E,u,2.5,Ec,BSU15820,rpmB,BSU15820,,946941.0
ECK3624,coaD,JW3609,-,3830111,3830590,3830132,3830587,b3634,+,3807848,3808327,3807851,3808306,0,8,0.0 ,0.0,N.A.,N.A.,E,E,u,3.0,Ec,BSU15020,ylbI,,,947386.0
ECK3623,kdtA,JW3608,-,3830598,3831875,3830619,3831872,b3633,+,3806563,3807840,3806566,3807819,0,8,0.0 ,0.0,N.A.,N.A.,E,E,u,3.0,Ec,,,,,949048.0
ECK3613,rfaK,JW3598,+,3841103,3842176,3841106,3842155,b3623,-,3796262,3797335,3796283,3797332,0,8,0.0 ,0.0,N.A.,N.A.,N,N,u,0.0,Ec,,,,,948147.0
ECK3598,gpsA,JW3583,+,3856754,3857773,3856757,3857752,b3608,-,3780665,3781684,3780686,3781681,0,8,0.0 ,0.0,N.A.,N.A.,N,N,N,-1.0,Ec,BSU22830,gpsA,BSU22830,,948125.0
ECK3584,yibJ,JW5647,-,3872493,3873194,3872514,3873191,b3595,+,3765244,3765945,3765247,3765924,0,8,0.0 ,0.0,N.A.,N.A.,N,N,u,0.0,,BSU39230,wapA,,,948112.0
ECK3548,glyQ,JW3531,+,3915097,3916008,3915100,3915987,b3560,-,3722430,3723341,3722451,3723338,0,8,0.0 ,0.0,N.A.,N.A.,E,E,N,2.0,G,BSU25270,glyQ,BSU25270,,948079.0
ECK3517,bcsB,JW3500,+,3947808,3950147,3947811,3950126,b3532,-,3688291,3690630,3688312,3690627,0,8,0.0 ,0.0,N.A.,N.A.,N,N,u,0.0,Ec,,,,,948045.0
ECK3455,yhhQ,JW3436,-,4030533,4031198,4030554,4031195,b3471,+,3607240,3607905,3607243,3607884,0,8,0.0 ,0.0,N.A.,N.A.,X,N,u,0.5,Ec,BSU21980,ypdP,,,947984.0
ECK3448,ftsY,JW3429,+,4036172,4037665,4036175,4037644,b3464,-,3600773,3602266,3600794,3602263,0,8,0.0 ,0.0,N.A.,N.A.,E,E,u,3.0,P,BSU15950,ftsY,BSU15950,,947978.0
ECK3447,ftsE,JW3428,+,4037668,4038336,4037671,4038315,b3463,-,3600102,3600770,3600123,3600767,0,8,0.0 ,0.0,N.A.,N.A.,E,E,N,2.0,Ec,BSU35260,ftsE,,,947968.0
ECK3446,ftsX,JW3427,+,4038329,4039387,4038332,4039366,b3462,-,3599051,3600109,3599072,3600106,0,8,0.0 ,0.0,N.A.,N.A.,N,E,u,2.0,Ec,BSU35250,ftsX,,5'_overlap,947969.0
ECK3445,rpoH,JW3426,+,4039632,4040486,4039635,4040465,b3461,-,3597952,3598806,3597973,3598803,0,8,0.0 ,0.0,N.A.,N.A.,E,N,u,1.0,G,,,,,947970.0
ECK3419,asd,JW3396,+,4065537,4066640,4065540,4066619,b3433,-,3571798,3572901,3571819,3572898,0,8,0.0 ,0.0,N.A.,N.A.,E,N,u,1.0,En,,,,,947939.0
ECK3385,yrfF,JW3361,-,4111812,4113947,4111833,4113944,b3398,+,3524491,3526626,3524494,3526605,0,8,0.0 ,0.0,N.A.,N.A.,N,u,u,1.0,Ec,,,,,947905.0
ECK3371,trpS,JW3347,+,4126778,4127782,4126781,4127761,b3384,-,3510656,3511660,3510677,3511657,0,8,0.0 ,0.0,N.A.,N.A.,E,E,u,3.0,En,BSU11420,trpS,BSU11420,5'_overlap,947894.0
ECK3329,rpsL,JW3304,+,4165864,4166238,4165867,4166217,b3342,-,3472200,3472574,3472221,3472571,0,8,0.0 ,0.0,N.A.,N.A.,E,E,u,3.0,G,BSU01100,rpsL,BSU01100,,947845.0
ECK3328,rpsG,JW3303,+,4166335,4166874,4166338,4166853,b3341,-,3471564,3472103,3471585,3472100,0,8,0.0 ,0.0,N.A.,N.A.,N,E,u,2.0,B,BSU01110,rpsG,BSU01110,,947846.0
ECK3327,fusA,JW3302,+,4166902,4169016,4166905,4168995,b3340,-,3469422,3471536,3469443,3471533,0,8,0.0 ,0.0,N.A.,N.A.,E,E,u,3.0,B,BSU01120,fusA,BSU01120,,947847.0
ECK3308,rpsJ,JW3283,+,4187146,4187457,4187149,4187436,b3321,-,3450981,3451292,3451002,3451289,0,8,0.0 ,0.0,N.A.,N.A.,E,E,u,3.0,G,BSU01150,rpsJ,BSU01150,,947816.0
ECK3307,rplC,JW3282,+,4187490,4188119,4187493,4188098,b3320,-,3450319,3450948,3450340,3450945,0,8,0.0 ,0.0,N.A.,N.A.,E,E,u,3.0,B,BSU01160,rplC,BSU01160,,947817.0
ECK3306,rplD,JW3281,+,4188130,4188735,4188133,4188714,b3319,-,3449703,3450308,3449724,3450305,0,8,0.0 ,0.0,N.A.,N.A.,E,E,u,3.0,P,BSU01170,rplD,BSU01170,,947818.0
ECK3305,rplW,JW3280,+,4188732,4189034,4188735,4189013,b3318,-,3449404,3449706,3449425,3449703,0,8,0.0 ,0.0,N.A.,N.A.,E,E,u,3.0,P,BSU01180,rplW,BSU01180,,947819.0
ECK3304,rplB,JW3279,+,4189052,4189873,4189055,4189852,b3317,-,3448565,3449386,3448586,3449383,0,8,0.0 ,0.0,N.A.,N.A.,E,E,u,3.0,P,BSU01190,rplB,BSU01190,,947820.0
ECK3303,rpsS,JW3278,+,4189890,4190168,4189893,4190147,b3316,-,3448270,3448548,3448291,3448545,0,8,0.0 ,0.0,N.A.,N.A.,E,E,u,3.0,Ec,BSU01200,rpsS,BSU01200,,947811.0
ECK3302,rplV,JW3277,+,4190183,4190515,4190186,4190494,b3315,-,3447923,3448255,3447944,3448252,0,8,0.0 ,0.0,N.A.,N.A.,N,E,u,2.0,ABE,BSU01210,rplV,BSU01210,,947813.0
ECK3301,rpsC,JW3276,+,4190533,4191234,4190536,4191213,b3314,-,3447204,3447905,3447225,3447902,0,8,0.0 ,0.0,N.A.,N.A.,N,E,u,2.0,P,BSU01220,rpsC,BSU01220,,947814.0
ECK3300,rplP,JW3275,+,4191247,4191657,4191250,4191636,b3313,-,3446781,3447191,3446802,3447188,0,8,0.0 ,0.0,N.A.,N.A.,N,E,u,2.0,B,BSU01230,rplP,BSU01230,,947806.0
ECK3299,rpmC,JW3274,+,4191657,4191848,4191660,4191827,b3312,-,3446590,3446781,3446611,3446778,0,8,0.0 ,0.0,N.A.,N.A.,?,E,u,2.5,Ec,BSU01240,rpmC,BSU01240,,947807.0
ECK3298,rpsQ,JW3273,+,4191848,4192102,4191851,4192081,b3311,-,3446336,3446590,3446357,3446587,0,8,0.0 ,0.0,N.A.,N.A.,E,E,u,3.0,Ec,BSU01250,rpsQ,BSU01250,,947808.0
ECK3297,rplN,JW3272,+,4192267,4192638,4192270,4192617,b3310,-,3445800,3446171,3445821,3446168,0,8,0.0 ,0.0,N.A.,N.A.,E,E,u,3.0,En,BSU01260,rplN,BSU01260,,947809.0
ECK3296,rplX,JW3271,+,4192649,4192963,4192652,4192942,b3309,-,3445475,3445789,3445496,3445786,0,8,0.0 ,0.0,N.A.,N.A.,E,E,u,3.0,P,BSU01270,rplX,BSU01270,,947810.0
ECK3295,rplE,JW3270,+,4192978,4193517,4192981,4193496,b3308,-,3444921,3445460,3444942,3445457,0,8,0.0 ,0.0,N.A.,N.A.,N,E,u,2.0,B,BSU01280,rplE,BSU01280,,947800.0
ECK3294,rpsN,JW3269,+,4193532,4193837,4193535,4193816,b3307,-,3444601,3444906,3444622,3444903,0,8,0.0 ,0.0,N.A.,N.A.,E,E,u,3.0,G,BSU08880,yhzA,,,947801.0
ECK3293,rpsH,JW3268,+,4193871,4194263,4193874,4194242,b3306,-,3444175,3444567,3444196,3444564,0,8,0.0 ,0.0,N.A.,N.A.,E,E,N,2.0,ABE,BSU01300,rpsH,BSU01300,,947802.0
ECK3292,rplF,JW3267,+,4194276,4194809,4194279,4194788,b3305,-,3443629,3444162,3443650,3444159,0,8,0.0 ,0.0,N.A.,N.A.,E,E,u,3.0,B,BSU01310,rplF,BSU01310,,947803.0
ECK3291,rplR,JW3266,+,4194819,4195172,4194822,4195151,b3304,-,3443266,3443619,3443287,3443616,0,8,0.0 ,0.0,N.A.,N.A.,E,E,u,3.0,B,BSU01320,rplR,BSU01320,,947804.0
ECK3290,rpsE,JW3265,+,4195187,4195690,4195190,4195669,b3303,-,3442748,3443251,3442769,3443248,0,8,0.0 ,0.0,N.A.,N.A.,E,E,u,3.0,P,BSU01330,rpsE,BSU01330,,947795.0
ECK3289,rpmD,JW3264,+,4195694,4195873,4195697,4195852,b3302,-,3442565,3442744,3442586,3442741,0,8,0.0 ,0.0,N.A.,N.A.,?,E,u,2.5,G,BSU01340,rpmD,BSU01340,,947797.0
ECK3288,rplO,JW3263,+,4195877,4196311,4195880,4196290,b3301,-,3442127,3442561,3442148,3442558,0,8,0.0 ,0.0,N.A.,N.A.,E,E,u,3.0,B,BSU01350,rplO,BSU01350,,947798.0
ECK3287,secY,JW3262,+,4196319,4197650,4196322,4197629,b3300,-,3440788,3442119,3440809,3442116,0,8,0.0 ,0.0,N.A.,N.A.,E,E,u,3.0,ABE,BSU01360,secY,BSU01360,,947799.0
ECK3285,rpsM,JW3260,+,4197945,4198301,4197948,4198280,b3298,-,3440137,3440493,3440158,3440490,0,8,0.0 ,0.0,N.A.,N.A.,E,E,u,3.0,B,BSU01410,rpsM,BSU01410,,947791.0
ECK3284,rpsK,JW3259,+,4198318,4198707,4198321,4198686,b3297,-,3439731,3440120,3439752,3440117,0,8,0.0 ,0.0,N.A.,N.A.,X,E,u,2.5,P,BSU01420,rpsK,BSU01420,,947792.0
ECK3283,rpsD,JW3258,+,4198741,4199361,4198744,4199340,b3296,-,3439077,3439697,3439098,3439694,0,8,0.0 ,0.0,N.A.,N.A.,X,E,u,2.5,B,BSU29660,rpsD,BSU29660,,947793.0
ECK3282,rpoA,JW3257,+,4199387,4200376,4199390,4200355,b3295,-,3438062,3439051,3438083,3439048,0,8,0.0 ,0.0,N.A.,N.A.,X,E,u,2.5,B,BSU01430,rpoA,BSU01430,,947794.0
ECK3281,rplQ,JW3256,+,4200417,4200800,4200420,4200779,b3294,-,3437638,3438021,3437659,3438018,0,8,0.0 ,0.0,N.A.,N.A.,X,E,u,2.5,P,BSU01440,rplQ,BSU01440,,947784.0
ECK3274,fmt,JW3249,-,4205255,4206202,4205276,4206199,b3288,+,3432236,3433183,3432239,3433162,0,8,0.0 ,0.0,N.A.,N.A.,E,E,u,3.0,P,BSU15730,fmt,BSU15730,,947779.0
ECK3273,def,JW3248,-,4206217,4206726,4206238,4206723,b3287,+,3431712,3432221,3431715,3432200,0,8,0.0 ,0.0,N.A.,N.A.,E,E,u,3.0,P,BSU15720,def,,,947780.0
ECK3269,yrdC,JW3243,+,4209001,4209573,4209004,4209552,b3282,-,3428865,3429437,3428886,3429434,0,8,0.0 ,0.0,N.A.,N.A.,N,u,u,1.0,En,BSU36950,ywlC,BSU36950,,947783.0
ECK4032,ubiA,JW4000,+,4256606,4257478,4256609,4257457,b4040,+,4251039,4251911,4251042,4251890,0,8,0.0 ,0.0,N.A.,N.A.,X,N,u,0.5,Ec,,,,,948540.0
ECK4033,plsB,JW4001,-,4257633,4260056,4257654,4260053,b4041,-,4252066,4254489,4252087,4254486,0,8,0.0 ,0.0,N.A.,N.A.,X,E,N,1.5,Ec,,,,,948541.0
ECK4035,lexA,JW4003,+,4260705,4261313,4260708,4261292,b4043,+,4255138,4255746,4255141,4255725,0,8,0.0 ,0.0,N.A.,N.A.,X,N,u,0.5,Ec,BSU17850,lexA,,,948544.0
ECK4044,dnaB,JW4012,+,4267904,4269319,4267907,4269298,b4052,+,4262337,4263752,4262340,4263731,0,8,0.0 ,0.0,N.A.,N.A.,E,E,u,3.0,B,BSU40440,dnaC,BSU40440,,948555.0
ECK4051,ssb,JW4020,+,4277715,4278251,4277718,4278230,b4059,+,4272148,4272684,4272151,4272663,0,8,0.0 ,0.0,N.A.,N.A.,X,E,u,2.5,P,BSU40900,ssb,BSU40900,,948570.0
ECK4077,alsK,JW5724,-,4311449,4312477,4311470,4312474,b4084,-,4304893,4305822,N.A.,4305819,0,8,0.0 ,0.0,N.A.,N.A.,N,N,u,0.0,,,,,"5'_overlap, Primer was designed for W3110 sequence.",948596.0
ECK4136,groS,JW4102,+,4375368,4375661,4375371,4375640,b4142,+,4368711,4369004,4368714,4368983,0,8,0.0 ,0.0,N.A.,N.A.,E,E,u,3.0,P,BSU06020,groES,BSU06020,,948655.0
ECK4156,psd,JW4121,-,4394072,4395040,4394093,4395037,b4160,-,4387415,4388383,4387436,4388380,0,8,0.0 ,0.0,N.A.,N.A.,X,N,u,0.5,Ec,BSU02290,psd,,,948673.0
ECK4158,orn,JW5740,+,4396284,4396829,4396287,4396808,b4162,+,4389627,4390172,4389630,4390151,0,8,0.0 ,0.0,N.A.,N.A.,N,u,N,0.0,G,,,,,948675.0
ECK4164,yjeE,JW4126,+,4400265,4400726,4400268,4400705,b4168,+,4393608,4394069,4393611,4394048,0,8,0.0 ,0.0,N.A.,N.A.,E,E,u,3.0,Ec,BSU05910,ydiB,BSU05910,5'_overlap,948684.0
ECK4198,rpsR,JW4160,+,4430519,4430746,4430522,4430725,b4202,+,4423862,4424089,4423865,4424068,0,8,0.0 ,0.0,N.A.,N.A.,?,E,u,2.5,G,BSU40890,rpsR,BSU40890,,948721.0
ECK4220,chpS,JW5750,+,4453127,4453378,4453130,4453357,b4224,+,4446470,4446721,4446473,4446700,0,8,0.0 ,0.0,N.A.,N.A.,E,N,N,0.0,,,,,,948739.0
ECK4222,ppa,JW4185,-,4453802,4454332,4453823,4454329,b4226,-,4447145,4447675,4447166,4447672,0,8,0.0 ,0.0,N.A.,N.A.,E,E,u,3.0,En,,,,,948748.0
ECK4251,valS,JW4215,-,4485662,4488517,4485683,4488514,b4258,-,4479005,4481860,4479026,4481857,0,8,0.0 ,0.0,N.A.,N.A.,E,E,u,3.0,B,BSU28090,valS,BSU28090,,948785.0
ECK4254,yjgP,JW4218,+,4490898,4491998,4490901,4491977,b4261,+,4484241,4485341,4484244,4485320,0,8,0.0 ,0.0,N.A.,N.A.,E,u,u,2.0,Ec,,,,,948795.0
ECK4255,yjgQ,JW5760,+,4491998,4493080,4492001,4493059,b4262,+,4485341,4486423,4485344,4486402,0,8,0.0 ,0.0,N.A.,N.A.,E,u,N,1.0,Ec,,,,,945324.0
ECK4351,dnaC,JW4325,-,4604918,4605655,4604939,4605652,b4361,-,4598261,4598998,4598282,4598995,0,8,0.0 ,0.0,N.A.,N.A.,E,E,u,3.0,Ec,BSU28980,dnaI,BSU28980,,948864.0
